-- drop database monthlyzip;
-- create database monthlyzip;
-- use monthlyzip;

-- 임대인 추가 (member_id: 1 ~ 5)
INSERT INTO member (member_id, created_at, updated_at, phone_number, name, email, password, user_type, profile_image_url) VALUES 
(1, '2025-04-02 23:56:34', '2025-04-02 23:56:34', '01085819975', '이은경', 'landlord1@ssafy.com', '$2b$12$APiWl8aZw.r9dlbfDy2ppupipS7dbRG66YxjVH7434rXH/R7TdWni', '임대인', NULL),
(2, '2025-04-02 23:56:34', '2025-04-02 23:56:34', '01053494120', '이영자', 'landlord2@ssafy.com', '$2b$12$APiWl8aZw.r9dlbfDy2ppupipS7dbRG66YxjVH7434rXH/R7TdWni', '임대인', NULL),
(3, '2025-04-02 23:56:34', '2025-04-02 23:56:34', '01021592092', '김성훈', 'landlord3@ssafy.com', '$2b$12$APiWl8aZw.r9dlbfDy2ppupipS7dbRG66YxjVH7434rXH/R7TdWni', '임대인', NULL),
(4, '2025-04-02 23:56:34', '2025-04-02 23:56:34', '01030867522', '최은지', 'landlord4@ssafy.com', '$2b$12$APiWl8aZw.r9dlbfDy2ppupipS7dbRG66YxjVH7434rXH/R7TdWni', '임대인', NULL),
(5, '2025-04-02 23:56:34', '2025-04-02 23:56:34', '01043839714', '노성민', 'landlord5@ssafy.com', '$2b$12$APiWl8aZw.r9dlbfDy2ppupipS7dbRG66YxjVH7434rXH/R7TdWni', '임대인', NULL);

-- 임차인 추가 (member_id: 6 ~ 15)
INSERT INTO member (member_id, created_at, updated_at, phone_number, name, email, password, user_type, profile_image_url) VALUES 
(6, '2025-04-02 23:56:34', '2025-04-02 23:56:34', '01022345676', '정민우', 'tenant1@ssafy.com', '$2b$12$APiWl8aZw.r9dlbfDy2ppupipS7dbRG66YxjVH7434rXH/R7TdWni', '임차인', NULL),
(7, '2025-04-02 23:56:34', '2025-04-02 23:56:34', '01022345677', '이한결', 'tenant2@ssafy.com', '$2b$12$APiWl8aZw.r9dlbfDy2ppupipS7dbRG66YxjVH7434rXH/R7TdWni', '임차인', NULL),
(8, '2025-04-02 23:56:34', '2025-04-02 23:56:34', '01022345678', '박지아', 'tenant3@ssafy.com', '$2b$12$APiWl8aZw.r9dlbfDy2ppupipS7dbRG66YxjVH7434rXH/R7TdWni', '임차인', NULL),
(9, '2025-04-02 23:56:34', '2025-04-02 23:56:34', '01022345679', '강채린', 'tenant4@ssafy.com', '$2b$12$APiWl8aZw.r9dlbfDy2ppupipS7dbRG66YxjVH7434rXH/R7TdWni', '임차인', NULL),
(10, '2025-04-02 23:56:34', '2025-04-02 23:56:34', '01022345680', '최태현', 'tenant5@ssafy.com', '$2b$12$APiWl8aZw.r9dlbfDy2ppupipS7dbRG66YxjVH7434rXH/R7TdWni', '임차인', NULL),
(11, '2025-04-02 23:56:34', '2025-04-02 23:56:34', '01012345671', '정지훈', 'tenant6@ssafy.com', '$2b$12$APiWl8aZw.r9dlbfDy2ppupipS7dbRG66YxjVH7434rXH/R7TdWni', '임차인', NULL),
(12, '2025-04-02 23:56:34', '2025-04-02 23:56:34', '01012345672', '이상민', 'tenant7@ssafy.com', '$2b$12$APiWl8aZw.r9dlbfDy2ppupipS7dbRG66YxjVH7434rXH/R7TdWni', '임차인', NULL),
(13, '2025-04-02 23:56:34', '2025-04-02 23:56:34', '01012345673', '조수연', 'tenant8@ssafy.com', '$2b$12$APiWl8aZw.r9dlbfDy2ppupipS7dbRG66YxjVH7434rXH/R7TdWni', '임차인', NULL),
(14, '2025-04-02 23:56:34', '2025-04-02 23:56:34', '01012345674', '한지민', 'tenant9@ssafy.com', '$2b$12$APiWl8aZw.r9dlbfDy2ppupipS7dbRG66YxjVH7434rXH/R7TdWni', '임차인', NULL),
(15, '2025-04-02 23:56:34', '2025-04-02 23:56:34', '01012345675', '정예린', 'tenant10@ssafy.com', '$2b$12$APiWl8aZw.r9dlbfDy2ppupipS7dbRG66YxjVH7434rXH/R7TdWni', '임차인', NULL);


-- 빌딩 5개 (building_id: 1 ~ 5)
INSERT INTO building (building_id, created_at, updated_at, owner_id, building_name, address) VALUES
(1, '2023-10-10 09:11:14', '2023-10-10 09:11:14', 1, '푸른숲빌라', '경상북도 구미시 인동36길 24-2'),
(2, '2023-08-25 19:02:08', '2023-08-25 19:02:08', 1, '별하우스', '경상북도 구미시 인동동 인동남길 158'),
(3, '2024-10-13 18:12:46', '2024-10-13 18:12:46', 3, '가온빌', '경상북도 구미시 인동동 황상동로 23'),
(4, '2023-04-03 18:45:45', '2023-04-03 18:45:45', 4, '아름빌', '경상북도 구미시 진천동 송정대로 45'),
(5, '2023-02-22 16:23:38', '2023-02-22 16:23:38', 5, '제니하우스', '경상북도 구미시 진천동 진평로 115');

-- 세대 (propery_id(빌딩): 1)
INSERT INTO room (room_id, created_at, updated_at, property_id, detail_address, area, is_occupied) VALUES
(1, '2024-02-21 09:48:08', '2024-02-21 09:48:08', 1, '101호', 28, TRUE),
(2, '2024-02-21 09:48:08', '2024-02-21 09:48:08', 1, '102호', 28, FALSE),
(3, '2024-02-21 09:48:08', '2024-02-21 09:48:08', 1, '103호', 28, TRUE),
(4, '2024-02-21 09:48:08', '2024-02-21 09:48:08', 1, '201호', 28, FALSE),
(5, '2024-02-21 09:48:08', '2024-02-21 09:48:08', 1, '202호', 28, TRUE),
(6, '2024-02-21 09:48:08', '2024-02-21 09:48:08', 1, '203호', 28, FALSE),
(7, '2024-02-21 09:48:08', '2024-02-21 09:48:08', 1, '301호', 28, TRUE);

-- 세대 (propery_id(빌딩): 2)
INSERT INTO room (room_id, created_at, updated_at, property_id, detail_address, area, is_occupied) VALUES
(8, '2024-09-18 22:45:47', '2024-09-18 22:45:47', 2, '101호', 15, TRUE),
(9, '2024-05-08 23:42:06', '2024-05-08 23:42:06', 2, '102호', 17, FALSE),
(10, '2023-11-10 19:01:56', '2023-11-10 19:01:56', 2, '103호', 17, FALSE),
(11, '2024-05-08 23:42:06', '2024-05-08 23:42:06', 2, '201호', 17, TRUE),
(12, '2023-11-10 19:01:56', '2023-11-10 19:01:56', 2, '202호', 17, TRUE);

-- 계약 (빌딩 1)
INSERT INTO contract (
    contract_id, created_at, updated_at, room_id, landlord_id, tenant_id,
    start_date, end_date, deposit, remaining_deposit, monthly_rent,
    payment_day, is_active_landlord, is_active_tenant, bank_account
) VALUES
(1, '2025-04-03 00:00:17', '2025-04-03 00:00:17', 1, 1, 6,  '2023-05-21', '2024-05-20', 5000000, 4500000, 500000, 10,  TRUE, TRUE, '1002-47402921'),
(2, '2025-04-03 00:00:17', '2025-04-03 00:00:17', 2, 1, 7,  '2023-06-01', '2024-05-31', 4800000, 4330000, 470000, 10, TRUE, TRUE, '1002-22223333'),
(3, '2025-04-03 00:00:17', '2025-04-03 00:00:17', 3, 1, 8,  '2023-06-10', '2024-06-09', 4000000, 4000000, 450000, 10, TRUE, TRUE, '1002-12345678'),
(4, '2025-04-03 00:00:17', '2025-04-03 00:00:17', 5, 1, 9,  '2023-07-15', '2024-07-14', 6000000, 5450000, 550000, 10, TRUE, TRUE, '1002-87654321'),
(5, '2025-04-03 00:00:17', '2025-04-03 00:00:17', 6, 1, 10, '2023-08-01', '2024-07-31', 4500000, 4020000, 480000, 10, TRUE, TRUE, '1002-11112222'),
(6, '2025-04-03 00:00:17', '2025-04-03 00:00:17', 7, 1, 11, '2023-08-10', '2024-08-09', 5200000, 4710000, 490000, 10, TRUE, TRUE, '1002-99998888');

-- 계약 (빌딩 2)
INSERT INTO contract (
    contract_id, created_at, updated_at, room_id, landlord_id, tenant_id,
    start_date, end_date, deposit, remaining_deposit, monthly_rent,
    payment_day, is_active_landlord, is_active_tenant, bank_account
) VALUES
-- 계약 7: room_id 8, tenant_id 12, 보증금 차감 1회 예상
(7, '2025-04-08 12:20:00', '2025-04-08 12:20:00', 8, 1, 12, '2023-11-01', '2024-10-31', 5000000, 4500000, 500000, 10, TRUE, TRUE, '1002-22221111'),
-- 계약 8: room_id 11, tenant_id 13, 보증금 차감 없음
(8, '2025-04-08 12:20:00', '2025-04-08 12:20:00', 11, 1, 13, '2023-12-15', '2024-12-14', 4600000, 4600000, 480000, 10, TRUE, TRUE, '1002-22221112'),
-- 계약 9: room_id 12, tenant_id 14, 보증금 차감 2회 예상
(9, '2025-04-08 12:20:00', '2025-04-08 12:20:00', 12, 1, 14, '2024-01-05', '2025-01-04', 5500000, 4540000, 480000, 10, TRUE, TRUE, '1002-22221113');


-- 그 밖의 계약
INSERT INTO contract (
    contract_id, created_at, updated_at, room_id, landlord_id, tenant_id,
    start_date, end_date, deposit, remaining_deposit, monthly_rent,
    payment_day, is_active_landlord, is_active_tenant, bank_account
) VALUES
(10, '2025-04-03 00:00:17', '2025-04-03 00:00:17', 9, 5, 10, '2023-09-28', '2024-09-27', 9000000, 7200000, 900000, 14, TRUE, TRUE, '1002-63246822');

-- 공지사항 (빌딩 1)
INSERT INTO notice (notice_id, created_at, updated_at, building_id, landlord_id, title, content) VALUES
(1, '2025-04-07 11:11:07', '2025-04-07 11:11:07', 1, 1, '상하수도 점검 안내', '4월 10일(목) 오전 9시~오후 3시 상하수도 정기 점검이 있습니다. 해당 시간 물 사용이 제한될 수 있습니다.'),
(2, '2025-04-03 09:00:00', '2025-04-03 09:00:00', 1, 1, '층간소음 관련 협조 요청', '최근 층간소음 민원이 많아졌습니다. 야간 시간대 생활 소음에 주의 부탁드립니다.'),
(3, '2025-03-31 14:25:17', '2025-03-31 14:25:17', 1, 1, '엘리베이터 정기 점검 공지', '4월 12일 오전 10시~오후 1시 엘리베이터 점검으로 일시 중단 예정입니다.'),
(4, '2025-03-28 16:43:00', '2025-03-28 16:43:00', 1, 1, '외벽 도장 공사 안내', '4월 15일부터 1주일간 외벽 도장 공사가 예정되어 있습니다. 차량은 지하주차장에 부탁드립니다.'),
(5, '2025-03-26 10:00:00', '2025-03-26 10:00:00', 1, 1, '공용 전기 점검 일정', '4월 20일 오전 9시~11시 공용 전기 점검 예정. 엘리베이터, 복도 등이 일시 소등될 수 있습니다.'),
(6, '2025-03-20 17:11:44', '2025-03-20 17:11:44', 1, 1, '택배 분실 주의 안내', '무인택배함 및 현관 앞 택배 분실이 발생 중입니다. 수령 즉시 회수 부탁드립니다.'),
(7, '2025-03-15 12:22:55', '2025-03-15 12:22:55', 1, 1, '소방시설 점검 사전 안내', '4월 22일 오후 2시 소방 점검 예정. 경보음 테스트 포함, 비상통로 확보 부탁드립니다.'),
(8, '2025-03-12 08:33:00', '2025-03-12 08:33:00', 1, 1, '주차장 이용 시 유의사항', '지정 구역 외 불법주차 및 이중주차 자제 부탁드립니다. 주차 시 연락처 꼭 남겨주세요.'),
(9, '2025-03-08 15:10:30', '2025-03-08 15:10:30', 1, 1, '분리수거 안내', '분리수거는 매주 월, 목 오전 8시에 진행됩니다. 분리수거 항목별 분리 부탁드립니다.'),
(10, '2025-03-02 11:00:00', '2025-03-02 11:00:00', 1, 1, '에너지 절약 캠페인', '전력 사용 증가로 절전 캠페인을 진행합니다. 공용 조명 및 엘리베이터 사용 절제 부탁드립니다.');

-- 공지사항 (빌딩 2)
INSERT INTO notice (notice_id, created_at, updated_at, building_id, landlord_id, title, content) VALUES
(11, '2025-04-06 08:00:00', '2025-04-06 08:00:00', 2, 1, '옥상 방수 공사 안내', '4월 15일~17일 옥상 방수 공사가 예정되어 있습니다. 해당 기간 옥상 출입을 금지해 주세요.'),
(12, '2025-04-02 10:30:00', '2025-04-02 10:30:00', 2, 1, '소독 작업 일정 안내', '4월 12일(금) 오전 10시부터 건물 전체 해충 방역 작업이 진행됩니다. 외출 시 창문을 닫아주세요.'),
(13, '2025-03-28 14:15:00', '2025-03-28 14:15:00', 2, 1, '택배 보관함 설치 완료', '1층 출입구 옆에 무인 택배 보관함이 설치되었습니다. 앞으로 안전하게 택배를 수령하실 수 있습니다.');


-- 문의 (빌딩 1)
INSERT INTO inquiry (inquiry_id, created_at, updated_at, contract_id, member_id, title, content, inquiry_type, status) VALUES
(1, '2025-03-12 09:13:00', '2025-03-12 09:13:00', 1, 6, '세면대 물이 잘 안 내려갑니다', '101호 세면대 배수 상태가 좋지 않아 수리 요청드립니다.', '수리요청', '접수대기'),
(2, '2025-03-15 14:22:35', '2025-03-16 08:10:01', 2, 7, '3월 관리비 문의', '3월 관리비 내역 중 전기요금이 과다하게 청구된 것 같습니다. 확인 부탁드립니다.', '납부관리', '처리중'),
(3, '2025-03-20 11:41:00', '2025-03-22 13:12:10', 3, 8, '계약 연장 관련 문의', '계약 종료일이 다가오는데 연장 가능 여부와 조건이 궁금합니다.', '계약관리', '처리중'),
(4, '2025-03-25 08:33:12', '2025-03-25 08:33:12', 4, 9, '옥상에서 담배 피는 분들 때문에 힘듭니다', '옥상에서 흡연이 자주 발생하는데 냄새가 올라와 고통스럽습니다. 조치 부탁드립니다.', '생활민원', '접수대기'),
(5, '2025-03-28 16:00:00', '2025-03-29 09:20:15', 5, 10, '보증금 정산 방식 문의', '보증금 일부가 차감되었는데, 어떤 내역인지 확인 부탁드립니다.', '납부관리', '처리완료'),
(6, '2025-03-30 10:25:55', '2025-03-30 10:25:55', 6, 11, '주차공간이 부족해요', '퇴근 시간에 항상 주차 자리가 없습니다. 추가 대책이 있을까요?', '생활민원', '접수대기'),
(7, '2025-04-01 09:00:00', '2025-04-02 09:11:22', 1, 6, '베란다 창문 틈 사이로 바람이 많이 들어옵니다', '단열이 제대로 안 되어 냉기가 심합니다. 확인 후 조치 부탁드립니다.', '수리요청', '처리중'),
(8, '2025-04-02 13:44:00', '2025-04-02 13:44:00', 2, 7, '세탁기 연결 부위에서 누수가 있습니다', '세탁기 배수 쪽에서 물이 조금씩 새고 있어요. 점검 부탁드려요.', '수리요청', '접수대기'),
(9, '2025-04-03 18:30:00', '2025-04-04 09:00:00', 3, 8, '인터넷 연결 불량', '며칠 전부터 인터넷이 자주 끊기고 있습니다. 확인 요청드립니다.', '기타', '처리중'),
(10, '2025-04-05 11:11:11', '2025-04-06 08:45:00', 4, 9, '계단 센서등이 밤에 안 켜져요', '계단 센서등이 작동하지 않아 밤에 불이 안 들어옵니다. 수리 요청드립니다.', '수리요청', '처리완료');

-- 문의 (빌딩 2)
INSERT INTO inquiry (inquiry_id, created_at, updated_at, contract_id, member_id, title, content, inquiry_type, status) VALUES
(11, '2025-04-04 09:20:00', '2025-04-04 09:20:00', 7, 12, '화장실 물 내림이 잘 안돼요', '며칠 전부터 물이 잘 내려가지 않아 불편합니다. 점검 부탁드립니다.', '수리요청', '접수대기'),
(12, '2025-04-06 13:15:00', '2025-04-07 08:00:00', 8, 13, '주차 구역 문의', '제가 주차하는 공간에 다른 차량이 자꾸 주차합니다. 지정 구역이 있는지 궁금합니다.', '생활민원', '처리중'),
(13, '2025-04-07 10:30:00', '2025-04-07 10:30:00', 9, 14, '보증금 차감 사유 문의', '이번 달 월세가 보증금에서 차감된 것으로 확인되었는데 어떤 이유인지 알고 싶습니다.', '납부관리', '접수대기');


-- 알림 (빌딩 1)
INSERT INTO notification (notification_id, created_at, receiver_id, message, redirect_url, type, is_read) VALUES
-- 문재현 (임차인 6번)
(1, '2025-04-01 08:30:00', 6, '📢 새로운 공지사항이 도착했습니다.', '/notice/1', 'NEW_NOTICE', FALSE),
(2, '2025-04-07 10:12:00', 6, '💬 문의하신 내용에 답변이 등록되었습니다.', '/inquiry/1', 'INQUIRY_RESPONSE', FALSE),
(3, '2025-04-10 07:00:00', 6, '💸 이번 달 납부일 입니다.', '/payment/1', 'PAYMENT_DUE', TRUE),

-- 박미숙 (임차인 7번)
(4, '2025-03-28 09:00:00', 7, '❗️납부가 아직 완료되지 않았어요.', '/payment/2', 'PAYMENT_MISSED', FALSE),
(5, '2025-03-30 14:45:00', 7, '📄 곧 계약이 만료됩니다. 연장 여부를 확인해주세요.', '/contract/2', 'CONTRACT_EXPIRING', TRUE),
(6, '2025-04-02 12:22:00', 7, '📢 새로운 공지사항이 도착했습니다.', '/notice/1', 'NEW_NOTICE', FALSE);

-- 알림 (빌딩 2)
INSERT INTO notification (notification_id, created_at, receiver_id, message, redirect_url, type, is_read) VALUES
(7, '2025-04-06 08:15:00', 12, '📢 새로운 공지사항이 도착했습니다.', '/notice/11', 'NEW_NOTICE', FALSE),
(8, '2025-04-07 08:30:00', 12, '💸 이번 달 납부일 입니다.', '/payment/31', 'PAYMENT_DUE', TRUE),

(9, '2025-04-03 09:50:00', 13, '📢 새로운 공지사항이 도착했습니다.', '/notice/12', 'NEW_NOTICE', FALSE),
(10, '2025-04-07 09:00:00', 13, '📄 곧 계약이 만료됩니다. 연장 여부를 확인해주세요.', '/contract/8', 'CONTRACT_EXPIRING', TRUE),

(11, '2025-04-08 10:20:00', 14, '💬 문의하신 내용에 답변이 등록되었습니다.', '/inquiry/13', 'INQUIRY_RESPONSE', FALSE),
(12, '2025-04-08 10:30:00', 14, '❗️납부가 아직 완료되지 않았어요.', '/payment/39', 'PAYMENT_MISSED', FALSE);


-- 납부 내역 (빌딩 1)
INSERT INTO payment (payment_id, contract_id, amount, due_date, payment_date, payment_status, payment_proof, created_at, updated_at) VALUES
-- 계약 1: 임차인 6, 월세 500000
(1, 1, 500000, '2024-12-10 00:00:00', '2024-12-10 00:00:00', '납부완료', TRUE, '2024-12-10 00:00:00', '2024-12-10 00:00:00'),
(2, 1, 500000, '2025-01-10 00:00:00', NULL, '미납', FALSE, '2025-01-10 00:00:00', '2025-01-15 00:00:00'),
(3, 1, 500000, '2025-02-10 00:00:00', '2025-02-10 00:00:00', '보증금차감', FALSE, '2025-02-10 00:00:00', '2025-02-15 00:00:00'),
(4, 1, 500000, '2025-03-10 00:00:00', '2025-03-10 00:00:00', '납부완료', TRUE, '2025-03-10 00:00:00', '2025-03-10 00:00:00'),
(5, 1, 500000, '2025-04-10 00:00:00', NULL, '미납', FALSE, '2025-04-01 00:00:00', '2025-04-08 00:00:00'),

-- 계약 2: 임차인 7, 월세 470000
(6, 2, 470000, '2024-12-05 00:00:00', '2024-12-05 00:00:00', '납부완료', TRUE, '2024-12-05 00:00:00', '2024-12-05 00:00:00'),
(7, 2, 470000, '2025-01-05 00:00:00', '2025-01-06 00:00:00', '납부완료', TRUE, '2025-01-05 00:00:00', '2025-01-06 00:00:00'),
(8, 2, 470000, '2025-02-05 00:00:00', NULL, '미납', FALSE, '2025-02-05 00:00:00', '2025-02-10 00:00:00'),
(9, 2, 470000, '2025-03-05 00:00:00', '2025-03-05 00:00:00', '보증금차감', FALSE, '2025-03-05 00:00:00', '2025-03-10 00:00:00'),
(10, 2, 470000, '2025-04-05 00:00:00', '2025-04-06 00:00:00', '납부완료', TRUE, '2025-04-05 00:00:00', '2025-04-06 00:00:00'),

-- 계약 3: 임차인 8, 월세 450000
(11, 3, 450000, '2024-12-10 00:00:00', '2024-12-09 00:00:00', '납부완료', TRUE, '2024-12-09 00:00:00', '2024-12-09 00:00:00'),
(12, 3, 450000, '2025-01-10 00:00:00', '2025-01-11 00:00:00', '납부완료', TRUE, '2025-01-10 00:00:00', '2025-01-11 00:00:00'),
(13, 3, 450000, '2025-02-10 00:00:00', NULL, '미납', FALSE, '2025-02-10 00:00:00', '2025-02-15 00:00:00'),
(14, 3, 450000, '2025-03-10 00:00:00', '2025-03-10 00:00:00', '납부완료', TRUE, '2025-03-10 00:00:00', '2025-03-10 00:00:00'),
(15, 3, 450000, '2025-04-10 00:00:00', NULL, '보증금차감', FALSE, '2025-04-10 00:00:00', '2025-04-12 00:00:00'),

-- 계약 4: 임차인 9, 월세 550000
(16, 4, 550000, '2024-12-10 00:00:00', '2024-12-10 00:00:00', '납부완료', TRUE, '2024-12-10 00:00:00', '2024-12-10 00:00:00'),
(17, 4, 550000, '2025-01-10 00:00:00', '2025-01-10 00:00:00', '납부완료', TRUE, '2025-01-10 00:00:00', '2025-01-10 00:00:00'),
(18, 4, 550000, '2025-02-10 00:00:00', NULL, '미납', FALSE, '2025-02-10 00:00:00', '2025-02-15 00:00:00'),
(19, 4, 550000, '2025-03-10 00:00:00', '2025-03-11 00:00:00', '납부완료', TRUE, '2025-03-10 00:00:00', '2025-03-11 00:00:00'),
(20, 4, 550000, '2025-04-10 00:00:00', NULL, '보증금차감', FALSE, '2025-04-10 00:00:00', '2025-04-11 00:00:00'),

-- 계약 5: 임차인 10, 월세 480000
(21, 5, 480000, '2024-12-10 00:00:00', '2024-12-10 00:00:00', '납부완료', TRUE, '2024-12-10 00:00:00', '2024-12-10 00:00:00'),
(22, 5, 480000, '2025-01-10 00:00:00', NULL, '미납', FALSE, '2025-01-10 00:00:00', '2025-01-15 00:00:00'),
(23, 5, 480000, '2025-02-10 00:00:00', NULL, '미납', FALSE, '2025-02-10 00:00:00', '2025-02-15 00:00:00'),
(24, 5, 480000, '2025-03-10 00:00:00', '2025-03-10 00:00:00', '보증금차감', FALSE, '2025-03-10 00:00:00', '2025-03-13 00:00:00'),
(25, 5, 480000, '2025-04-10 00:00:00', '2025-04-10 00:00:00', '납부완료', TRUE, '2025-04-10 00:00:00', '2025-04-10 00:00:00'),

-- 계약 6: 임차인 11, 월세 490000
(26, 6, 490000, '2024-12-10 00:00:00', '2024-12-10 00:00:00', '납부완료', TRUE, '2024-12-10 00:00:00', '2024-12-10 00:00:00'),
(27, 6, 490000, '2025-01-10 00:00:00', '2025-01-10 00:00:00', '납부완료', TRUE, '2025-01-10 00:00:00', '2025-01-10 00:00:00'),
(28, 6, 490000, '2025-02-10 00:00:00', NULL, '미납', FALSE, '2025-02-10 00:00:00', '2025-02-15 00:00:00'),
(29, 6, 490000, '2025-03-10 00:00:00', '2025-03-10 00:00:00', '납부완료', TRUE, '2025-03-10 00:00:00', '2025-03-10 00:00:00'),
(30, 6, 490000, '2025-04-10 00:00:00', '2025-04-10 00:00:00', '보증금차감', FALSE, '2025-04-10 00:00:00', '2025-04-11 00:00:00');


-- 납부 내역 (빌딩 2)
INSERT INTO payment (payment_id, contract_id, amount, due_date, payment_date, payment_status, payment_proof, created_at, updated_at) VALUES
-- 계약 7: contract_id 11, 월세 500000, 보증금 차감 1회
(31, 7, 500000, '2025-02-10 00:00:00', '2025-02-10 00:00:00', '납부완료', TRUE, '2025-02-10 00:00:00', '2025-02-10 00:00:00'),
(32, 7, 500000, '2025-03-10 00:00:00', NULL, '보증금차감', FALSE, '2025-03-10 00:00:00', '2025-03-11 00:00:00'),
(33, 7, 500000, '2025-04-10 00:00:00', NULL, '미납', FALSE, '2025-04-01 00:00:00', '2025-04-08 00:00:00'),

-- 계약 8: contract_id 12, 월세 480000, 모두 납부완료
(34, 8, 480000, '2025-02-10 00:00:00', '2025-02-10 00:00:00', '납부완료', TRUE, '2025-02-10 00:00:00', '2025-02-10 00:00:00'),
(35, 8, 480000, '2025-03-10 00:00:00', '2025-03-10 00:00:00', '납부완료', TRUE, '2025-03-10 00:00:00', '2025-03-10 00:00:00'),
(36, 8, 480000, '2025-04-10 00:00:00', '2025-04-10 00:00:00', '납부완료', TRUE, '2025-04-10 00:00:00', '2025-04-10 00:00:00'),

-- 계약 9: contract_id 13, 월세 480000, 보증금 차감 2회
(37, 9, 480000, '2025-02-10 00:00:00', NULL, '보증금차감', FALSE, '2025-02-10 00:00:00', '2025-02-11 00:00:00'),
(38, 9, 480000, '2025-03-10 00:00:00', NULL, '보증금차감', FALSE, '2025-03-10 00:00:00', '2025-03-11 00:00:00'),
(39, 9, 480000, '2025-04-10 00:00:00', NULL, '미납', FALSE, '2025-04-01 00:00:00', '2025-04-08 00:00:00');
